_id,date,sub_title,author,text,url,section,title
0,"2 de Abril de 2019 às 17:40
","O governador do Maranhão, Flávio Dino (PCdoB) classificou como ""uma das coisas mais absurdas já proferidas"" as declarações do chanceler Ernesto Araújo, e repetidas nesta terça-feira, 2, pelo presidente Jair Bolsonaro de que o ""nazismo é de esquerda""; ""Ninguém leva isso a sério na Alemanha, em Israel ou em qualquer país do mundo. Enquanto isso, problemas reais do Brasil, como o desemprego e a recessão, ficam abandonados"", disse Dino pelo Twitter",247 ,"
,247 -, O governador do Maranhão, Flávio Dino (PCdoB) classificou como ""uma das coisas mais absurdas já proferidas"" as declarações do chanceler Ernesto Araújo, e repetidas nesta terça-feira, 2, pelo presidente Jair Bolsonaro de que o ""nazismo é de esquerda"". ,""Realmente acho essas frases sobre 'nazismo de esquerda' uma das coisas mais absurdas já proferidas. Ninguém leva isso a sério na Alemanha, em Israel ou em qualquer país do mundo. Enquanto isso, problemas reais do Brasil, como o desemprego e a recessão, ficam abandonados"", disse Dino pelo Twitter. ,Leia reportagem da Reuters sobre a declaração de Jair Bolsonaro:,Não há dúvida de que nazismo foi movimento de esquerda, diz Bolsonaro em Israel,(Reuters) - O presidente Jair Bolsonaro fez nesta terça-feira eco às declarações do ministro das Relações Exteriores, Ernesto Araújo, ao afirmar que ""não há dúvida"" de que o nazismo foi um movimento de esquerda, durante entrevista a jornalistas em Israel.,Para embasar seu argumento, o presidente procurou lembrar o nome oficial do Partido Nazista.,""Não há dúvida, né? Partido Socialista, como é que é?"", respondeu Bolsonaro quando indagado por um repórter se concordava com a declaração de Araújo, dada recentemente e posteriormente reiterada, de que o nazismo, que governou a Alemanha de 1933 a 1945, quando o país foi derrotado na Segunda Guerra Mundial, era um movimento de esquerda.,""Partido Nacional Socialista da Alemanha"", completou o presidente ao ser lembrado do que seria o nome oficial do partido nazista, de Adolf Hitler. Na verdade, o nome completo era Partido Nacional-Socialista dos Trabalhadores Alemães.,Um dos compromissos de Bolsonaro em sua visita a Israel foi uma visita ao Yad Vashem, o museu mundial do Holocausto, quando 6 milhões de judeus foram assassinados pela Alemanha nazista de Hitler. O site do museu traz a história do Holocausto e a ascensão do nazismo da Alemanha. De acordo com o site, o Partido Nazista teve origem em grupos radicais de direita.,""Hitler e o Partido Nazista chegaram ao poder devido a circunstâncias sociais e políticas que caracterizaram o período entre-guerras na Alemanha. Muitos alemães não podiam admitir a derrota de seu país na Primeira Guerra Mundial, argumentando que 'traições' e a fragilidade na retaguarda paralisaram e, eventualmente, causaram o colapso na frente de batalha"", afirma o museu em seu site em um texto em inglês.,""Essa frustração, junto com a resistência intransigente e alertas sobre a crescente ameaça do comunismo, criou solo fértil para o crescimento de grupos radicais de direita na Alemanha, gerando entidades como o Partido Nazista."",Realmente acho essas frases sobre “nazismo de esquerda” uma das coisas mais absurdas já proferidas. Ninguém leva isso a sério na Alemanha, em Israel ou em qualquer país do mundo. Enquanto isso, problemas reais do Brasil, como o desemprego e a recessão, ficam abandonados.",https://www.brasil247.com/pt/247/nordeste/388992/Fl%C3%A1vio-Dino-sobre-'nazismo-de-esquerda'-enquanto-isso-desemprego-fica-abandonado.htm,nordeste,"
Flávio Dino sobre 'nazismo de esquerda': enquanto isso, desemprego fica abandonado
"
1,"29 de Março de 2019 às 09:58
","De acordo com o líder do PT no Senado, Humberto Costa (PE), ""é assombroso ver que uma das maiores pastas da Esplanada, que jamais gerou conflitos dessa natureza, seja puxada para o centro dessa crise em que Bolsonaro está lançando o Brasil. Isso terá reflexos diretos na educação dos brasileiros, reflexos que serão sentidos por muitos anos""",247,"
,247, - O líder do PT no Senado, Humberto Costa (PE), afirmou que a crise aberta pela gestão do colombiano Ricardo Vélez Rodriguez no Ministério da Educação tem incidência direta nas ações da pasta e vai prejudicar seriamente o desenvolvimento das políticas do MEC.,“O que está acontecendo no Ministério da Educação é um descalabro sem tamanho. É assombroso ver que uma das maiores pastas da Esplanada, que jamais gerou conflitos dessa natureza, seja puxada para o centro dessa crise em que Bolsonaro está lançando o Brasil. Isso terá reflexos diretos na educação dos brasileiros, reflexos que serão sentidos por muitos anos”, avaliou.,“É lamentável observar que um ministério com essa sensibilidade esteja sendo alvo do tiroteio verbal e ideológico desse governo inconsequente. Vélez Rodriguez tem de ser demitido imediatamente. O presidente é irresponsável ao deixar que o MEC seja tragado para esse esgoto que ele abriu no coração do governo”, criticou.,Na terça-feira (26), o presidente do Instituto Nacional de Estudos e Pesquisas Educacionais Anísio Teixeira (Inep), Marcus Vinicius Rodrigues, foi exonerado, após a publicação de uma portaria que adiava para 2021 a avaliação da alfabetização de crianças, o que foi revogado. O ex-dirigente afirmou que assinou a portaria com respaldo do secretário de Alfabetização do MEC, Carlos Nadalim.,Rodriguez também se envolveu em outras polêmicas. Uma delas permitiria a compra de livros com propagandas ou até mesmo erros de português. O edital foi anulado.,Em fevereiro, Veléz disse à Revista Veja que o brasileiro é um ""canibal"". No final do mês passado, o ministro causou outra polêmica ao assinar uma carta para ser enviada a diretores de escolas pedindo a filmagem de crianças cantando o hino nacional e que proferirem o slogan da campanha de Bolsonaro - ""Brasil acima de tudo. Deus acima de todos""., ",https://www.brasil247.com/pt/247/nordeste/388546/Humberto-o-MEC-est%C3%A1-um-descalabro-sem-tamanho.htm,nordeste,"
Humberto: o MEC está um descalabro sem tamanho
"
2,"30 de Março de 2019 às 14:19
","O deputado federal Túlio Gadelha (PDT-PE) afirmou que ""a decisão do presidente de comemorar o aniversário da ditadura militar de 1964 é um atentado aos princípios civilizatórios""; O parlamentar do PDT-PE disse, ainda, ""nada faz sentido nesse governo"". ""O presidente pede nosso apoio para aprovar uma reforma absurda, resolve comemorar o aniversário da ditadura militar de 1964 e ainda sai para pegar um cineminha em plena terça-feira de manhã""",247,"
,247, - O deputado federal Túlio Gadelha (PDT-PE) afirmou que ""a decisão do presidente de comemorar o aniversário da ditadura militar de 1964 é um atentado aos princípios civilizatórios"".,Em comunicado, a ONU Direitos Humanos pediu que o chefe do Planalto “reconsidere” os planos de comemoração do aniversário do golpe militar no Brasil.,""Mais de 8.000 indígenas e pelo menos 434 suspeitos de serem dissidentes políticos foram mortos ou desapareceram forçadamente. Estima-se também que dezenas de milhares de pessoas foram arbitrariamente detidas e/ou torturadas"", diz o texto. ""No entanto, uma lei de anistia promulgada pela ditadura militar impediu a responsabilização pelos abusos"".,O parlamentar do PDT-PE disse, ainda, ""nada faz sentido nesse governo"". ""O presidente pede nosso apoio para aprovar uma reforma absurda, resolve comemorar o aniversário da ditadura militar de 1964 e ainda sai para pegar um cineminha em plena terça-feira de manhã"".,A decisão do presidente de comemorar o aniversário da ditadura militar de 1964 é um atentado aos princípios civilizatórios. ,https://t.co/c0Ofj4PV5j,O presidente pede nosso apoio para aprovar uma reforma absurda, resolve comemorar o aniversário da ditadura militar de 1964 e ainda sai para pegar um cineminha em plena terça-feira de manhã. Para mim nada faz sentido nesse governo.",https://www.brasil247.com/pt/247/nordeste/388688/T%C3%BAlio-Gadelha-Bolsonaro-comete-atentado-contra-princ%C3%ADpios-civilizat%C3%B3rios.htm,nordeste,"
Túlio Gadelha: Bolsonaro comete atentado contra princípios civilizatórios
"
3,"31 de Março de 2019 às 14:16
","Quem disse foi o deputado federal José Guimarães (PT-CE); ""Ninguém esquece esse período e os que praticaram atos de selvageria contra os que lutavam pelas liberdades e pela Democracia"", complementou",247,"
,247, - O deputado federal José Guimarães (PT-CE) criticou a determinação do presidente Jair Bolsonaro para quartéis celebrarem o golpe militar de 1964. ,""Quem viveu o período da Ditadura no Brasil sabe que os repressores não poupavam ninguém"", disse o parlamentar no Twitter. ""Ninguém esquece esse período e os que praticaram atos de selvageria contra os que lutavam pelas liberdades e pela Democracia"", complementou.,A Organização das Nações Unidas (ONU) havia recomendado que Bolsonaro recuasse de sua determinação. ,""Mais de 8.000 indígenas e pelo menos 434 suspeitos de serem dissidentes políticos foram mortos ou desapareceram forçadamente. Estima-se também que dezenas de milhares de pessoas foram arbitrariamente detidas e/ou torturadas"", diz o texto. ""No entanto, uma lei de anistia promulgada pela ditadura militar impediu a responsabilização pelos abusos"".,Quem viveu o período da Ditadura no Brasil sabe que os repressores não poupavam ninguém. ,pic.twitter.com/EQ1hYfBTq3,Ninguém esquece esse período e os que praticaram atos de selvageria contra os que lutavam pelas liberdades e pela Democracia ,pic.twitter.com/LtTB5dFAyY",https://www.brasil247.com/pt/247/nordeste/388757/%E2%80%98Quem-viveu-a-ditadura-sabe-que-os-repressores-n%C3%A3o-poupavam-ningu%C3%A9m%E2%80%99.htm,nordeste,"
‘Quem viveu a ditadura sabe que os repressores não poupavam ninguém’
"
4,"4 de Abril de 2019 às 11:16
",mudar a capa e que tomará as devidas providências em relação ao autor.,247,"
,247, - Uma escola municipal de Guarulhos, Região Metropolitana de São Paulo, distribuiu aos seus professores uma apostila com a imagem do presidente Jair Bolsonaro (PSL) e da primeira-dama Michelle Bolsonaro estampada na capa. O material seria utilizado como base para o planejamento escolar da unidade e para uso interno dos professores.,Segundo a ,Carta Capital,, professores denunciaram que apostila foi produzida pelo diretor da unidade. A publicação leva o logo oficial da Prefeitura de Guarulhos.,mudar a capa e que tomará as devidas providências em relação ao autor.",https://www.brasil247.com/pt/247/sudeste/389181/Escola-de-Guarulhos-distribui-apostila-com-Bolsonaro-e-esposa-na-capa.htm,sudeste,"
Escola de Guarulhos distribui apostila com Bolsonaro e esposa na capa
"
5,"4 de Abril de 2019 às 13:32
","O ex-governador de São Paulo Geraldo Alckmin (PSDB) afirmou que o seu partido manterá sua posição de independência em relação ao governo Jair Bolsonaro; ""Não há nenhum tipo de troca, não participaremos do governo, não aceitamos cargo do governo, e votamos com o Brasil"", disse o tucano, que também rebateu o discurso contra a velha política feito pelo presidente ",247,"
,247, - O ex-governador de São Paulo Geraldo Alckmin (PSDB) afirmou que o seu partido manterá sua posição de independência em relação ao governo Jair Bolsonaro. ,""Não há nenhum tipo de troca, não participaremos do governo, não aceitamos cargo do governo, e votamos com o Brasil"", disse o tucano, que também rebateu o discurso contra a velha política feito pelo presidente Jair Bolsonaro (PSL), após encontro entre os dois nesta quinta-feira (4) no Palácio do Planalto.,""Não existe nova e velha, existe boa e má política. A boa política não envelhece"", complementou.,O tucano defendeu a aprovação da reforma da Previdência, com ressalvas. ""O importante na reforma é idade mínima e tempo de transição. A reforma é muito complexa, muito detalhista, muito longa"", comentou. ""Nós não aprovaremos nenhum benefício menor que um salário mínimo.,""O BPC (Benefício de Prestação Continuada) nós somos contra, como também a questão rural. Se há diferença de idade na área urbana, por que não há na área rural?"", questionou., ",https://www.brasil247.com/pt/247/sudeste/389196/'N%C3%A3o-participaremos-do-governo'-diz-Alckmin-ap%C3%B3s-encontro-com-Bolsonaro.htm,sudeste,"
'Não participaremos do governo', diz Alckmin após encontro com Bolsonaro
"
6,"4 de Abril de 2019 às 05:39
","Israel não descarta a possibilidade de reocupar militarmente a Faixa de Gaza, de acordo com o primeiro-ministro israelense, Benjamin Netanyahu",Sputnik ,"
,Sputnik -, Israel não descarta a possibilidade de reocupar militarmente a Faixa de Gaza, de acordo com o primeiro-ministro israelense, Benjamin Netanyahu.,""Todas as opções ainda estão sobre a mesa, incluindo a entrada em Gaza e a ocupação, dependendo do que for melhor para Israel"", afirmou Netanyahu à emissora de rádio estatal Kan, pouco antes de viajar para Moscou para se encontrar com o presidente russo, Vladimir Putin.,""No entanto, essa é a última opção e não a primeira"", acrescentou o premiê. Na semana passada, o jornal Maariv publicou uma reportagem sobre a existência de um plano do exército israelense para reocupar a Faixa de Gaza após as eleições israelenses de 9 de abril.,De acordo com o jornal de Tel Aviv, o plano está pronto, mas, para ser executado, será necessária a aprovação do governo que será escolhido nas urnas.,Israel ocupou a Faixa de Gaza até 2005, tirando tropas e agricultores de lá, mas não deixando de controlar tudo o que entra e sai da Faixa de Gaza, sejam pessoas ou bens.,Netanyahu disse que o exército não entrou em Gaza, porque Israel não quer governar mais de dois milhões de palestinos. Outra opção seria entregar o território a um país terceiro, algo que Netanyahu acha impossível: ""Falei com muitos líderes árabes sobre esta possibilidade e ninguém quer."",Embora Israel e o Hamas estejam atualmente negociando calmaria para a Faixa de Gaza, Netanyahu descartou um acordo político.",https://www.brasil247.com/pt/247/mundo/389141/Netanyahu-n%C3%A3o-descarta-ocupa%C3%A7%C3%A3o-militar-da-Faixa-de-Gaza.htm,mundo,"
Netanyahu não descarta ocupação militar da Faixa de Gaza
"
7,"4 de Abril de 2019 às 15:01
","O vereador Carlos Bolsonaro (PSC-RJ) e o primo Leonardo Rodrigues, conhecido como Léo Índio, enviaram nesta semana um pedido ao Ministério da Relações Exteriores para a aquisição de passaporte diplomático; segundo o Itamaraty, os dois preencheram o requerimento eletrônico de emissão de passaporte diplomático, mas não enviaram a documentação para Divisão de Documentos de Viagem da pasta",Do ,"
,Do ,Metro1, -, O vereador Carlos Bolsonaro (PSC-RJ) e o primo Leonardo Rodrigues, conhecido como Léo Índio, enviaram nesta semana um pedido ao Ministério da Relações Exteriores para a aquisição de passaporte diplomático. Eles preencheram o requerimento eletrônico de emissão de passaporte diplomático, mas não enviaram a documentação para Divisão de Documentos de Viagem da pasta.,O benefício é dado a pessoas que representam o ""interesse do país"" em missão no exterior, garantindo privilégios, como atendimento preferencial nos postos de imigração e isenção de visto em alguns países. Segundo o ministério, o formulário deveria ter sido impresso e entregue com foto, cópias da identidade, do título de eleitor e certidão de quitação eleitoral, além de ofício do órgão requerente. No entanto, após a solicitação ganhar destaque na imprensa, a dupla desistiu do benefício.",https://www.brasil247.com/pt/247/sudeste/389203/Carlos-Bolsonaro-e-primo-recuam-de-passaporte-diplom%C3%A1tico.htm,sudeste,"
Carlos Bolsonaro e primo recuam de passaporte diplomático
"
8,"4 de Abril de 2019 às 17:12
","O juiz Diego Paes Moreira, da 6ª Vara Federal Criminal de São Paulo, aceitou nesta quinta-feira (4) a denúncia do Ministério Público Federal (MPF) contra Michel Temer, a filha dele Maristela Temer, o coronel João Batista Lima Filho e a mulher de Lima, Maria Rita Fratezi, por lavagem de dinheiro; acusação do MPF é que a reforma da casa da Maristela Temer foi financiada com dinheiro desviado das obras da usina nuclear de Angra 3",247 ,"
,247 -, O juiz Diego Paes Moreira, da 6ª Vara Federal Criminal de São Paulo, aceitou nesta quinta-feira (4) a denúncia do Ministério Público Federal (MPF) contra Michel Temer, a filha dele Maristela Temer, o coronel João Batista Lima Filho e a mulher de Lima, Maria Rita Fratezi, por lavagem de dinheiro.,A acusação do MPF é que a reforma da casa da Maristela Temer foi financiada com dinheiro desviado das obras da usina nuclear de Angra 3.,A denúncia é desdobramento do chamado inquérito dos portos, que investigou se Temer tinha favorecido empresas do setor portuário com a edição de um decreto. Ela ocorreu 12 dias após o ex-presidente ser preso pela Lava Jato do Rio. Ele foi solto no dia 25 de março após decisão do desembargador Antonio Ivan Athié, do Tribunal Regional Federal da 2ª Região.,Temer, o ex-ministro Moreira Franco e outras 12 pessoas também viraram réus no Rio de Janeiro, devido a desvios na Eletronuclear na obra de Angra 3, onde Temer responde por peculato, corrupção e lavagem de dinheiro.",https://www.brasil247.com/pt/247/sudeste/389226/Temer-e-filha-viram-r%C3%A9us-por-lavagem-de-dinheiro-em-S%C3%A3o-Paulo.htm,sudeste,"
Temer e filha viram réus por lavagem de dinheiro em São Paulo
"
9,"4 de Abril de 2019 às 20:03
","Quando foi ouvido pela polícia, Ronnie Lessa chegou a admitir que era o dono do carregamento, mas tentou se defender dizendo que parte seria vendida para colecionadores e que outra parte era de airsoft; ele responderá pelo crime de comércio ilegal de arma de fogo junto com o amigo que guardava os 117 fuzis em casa, Alexandre Mota de Souza",247 ,"
,247 -, Um dos acusados de assassinar a vereadora Marielle Franco (PSOL-RJ) enfrentará também a acusação de comércio ilegal de armas de fogo. O novo processo é resultado da apreensão de 117 fuzis na casa de um amigo do sargento reformado.,As armas foram encontradas no dia em que ele e o ex-PM Élcio de Queiroz foram presos pelo assassinato da vereadora e de seu motorista, Anderson Gomes.,O amigo de Ronnie que guardou o arsenal, Alexandre Mota de Souza, também foi denunciado pelo Ministério Público.,Quando foi ouvido pela polícia, Lessa chegou a admitir que era o dono do carregamento, mas tentou se defender dizendo que parte seria vendida para colecionadores e que outra parte era de airsoft, mas uma demonstração feita pela polícia mostrou o poder de destruição dessas armas.",https://www.brasil247.com/pt/247/sudeste/389244/Acusado-de-matar-Marielle-vira-r%C3%A9u-por-com%C3%A9rcio-ilegal-de-armas-de-fogo.htm,sudeste,"
Acusado de matar Marielle vira réu por comércio ilegal de armas de fogo
"
10,"4 de Abril de 2019 às 10:58
","""Vélez diz que não houve golpe em 1964 e que vai mudar o conteúdo dos livros didáticos. Quer tornar o MEC o falsificador oficial da história brasileira. Stalin apagava fotos, Bolsonaro adultera livros"", afirmou o deputado do PSOL-SP",247,"
,247, - O deputado federal Ivan Valente (PSOL-SP) criticou o ministro da Educação, Ricardo Vélez Rodriguez, que anunciou medidas para mudar o conteúdo dos livros didáticos com o objetivo de afirmar que em 1964 não houve um golpe.,""Vélez diz que não houve golpe em 1964 e que vai mudar o conteúdo dos livros didáticos. Quer tornar o MEC o falsificador oficial da história brasileira. Stalin apagava fotos, Bolsonaro adultera livros"", disse o parlamentar no Twitter.,Em entrevista ao jornal ,Valor Econômico,, Vélez negou o golpe de 1964.,""A história brasileira mostra que o 31 de março de 1964 foi uma decisão soberana da sociedade brasileira. Quem colocou o presidente Castelo Branco no poder não foram os quartéis"", disse. ""Foi a votação no Congresso, uma instância constitucional, quando há a ausência do presidente. Era a Constituição da época e foi seguida à risca. Houve uma mudança de tipo institucional, não foi um golpe contra a Constituição da época, não"", completou.,Vélez diz que não houve golpe em 1964 e que vai mudar o conteúdo dos livros didáticos.,Quer tornar o MEC o falsificador oficial da história brasileira.,Stalin apagava fotos, Bolsonaro adultera livros.",https://www.brasil247.com/pt/247/sudeste/389179/Valente-V%C3%A9lez-quer-tornar-o-MEC-o-falsificador-oficial-da-hist%C3%B3ria.htm,sudeste,"
Valente: Vélez quer tornar o MEC o falsificador oficial da história
"
11,"3 de Abril de 2019 às 18:53
","O MST realiza ato nesta sexta-feira (5), em Belo Horizonte, em defesa dos trabalhadores rurais atingidos pela mineração predatória que levou o rompimento das barragens em Brumadinho e Mariana; no ato, será feita a entrega de um laudo técnico ao Ministério Público comprovando os danos causados aos trabalhadores nas áreas da região metropolitana de Belo Horizonte",247 ,"
,247 -, O Movimento dos Trabalhadores Rurais Sem Terra, o MST, realiza ato nesta sexta-feira (5), em Belo Horizonte, de em defesa dos trabalhadores rurais atingidos pela mineração predatória. No ato, será feita a entrega de um laudo técnico ao Ministério Público comprovando os danos causados aos trabalhadores nas áreas da região metropolitana de Belo Horizonte, provocados pelo rompimento da barragem da Vale em Brumadinho.,Produzido por técnicos agrônomos com o respaldo da Emater (Empresa de Assistência Técnica e Extensão Rural), o laudo aponta a relação das famílias com o Rio Paraopeba e o território ribeirinho. As famílias perderam a fonte de água para a sua produção, além de terem sofrido impactos sociais, psicológicos, na saúde, entre outros.,De acordo com estimativa do MST, milhares de famílias foram atingidas. ""Nos dois acampamentos em São Joaquim de Bicas, o Zequinha e o Pátria Livre, cerca de 600 famílias foram cadastradas para receber a indenização emergencial. Soma-se à estas famílias os moradoras do Assentamento 2 de julho, localizado em Betim. Ao todo, são 22 áreas de acampamentos e assentamentos do MST foram atingidas pelas lamas da Vale, em Minas Gerais e no Espírito Santo"", enfatiza a nota divulgada pelo movimento.,O MST acredita que a privatização da Vale, empresa responsável pela barragem que rompeu em Brumadinho, é o principal motivo da ""inoperância da empresa em relação à prevenção e aos cuidados com as vidas ao redor das barragens"".,""Considerado um dos piores negócios da história, a Vale foi entregue por apenas 3,3 bilhões de reais, quando valia aproximadamente 10 bilhões"", lembrou.,Para a direção do movimento, a política que coloca o lucro acima da vida, dos rios e de tudo é típica do livre mercado. ""A Vale é criminosa porque protegeu o lucro, não respeitou a lei e fez a opção de matar as pessoas e matar o rio, e é por isso que a Vale tem que pagar e fazer todas as reparações possíveis em função dos dois crimes que cometeu"", reforça outro trecho da nota.,O MST destaca também que o estado de Minas Gerais deixou de arrecadar 1 bilhão de reais por ano com a isenção dos impostos da mineração.,""Para nós do MST, o que mais se aproximaria de uma reparação do crime cometido pela Vale é ela deixar de ser privada; retribuir seus lucros ao estado brasileiro e ao povo. A privatização, além de ter sido um crime, gerou crimes. Esperamos que isso também sirva de lição"", argumenta., ,Saúde em risco,Os Sem Terra da região metropolitana já sentem os efeitos nocivos do rompimento da barragem de Brumadinho na pele. Dezenas de casos de dengue foram registrados, enquanto crianças e adultos já começaram a ter reação alérgica por conta da poluição gerada pelo envenenamento do rio. De acordo com a Fundação Oswaldo Cruz (Fiocruz) estes padrões são os mesmos de quando a barragem de fundão, em Mariana, se rompeu, e tem relação direta com o crime da Vale.,O MST reforça a importância da unidade entre campo e cidade para garantia dos direitos da população. Atualmente são mais de 300 mortos, um rio morto, sem contar o crime em Mariana. A atividade desta sexta exige cadeia para os responsáveis por este crime, uma vez que MST segue organizado e mobilizado, exigindo os direitos dos trabalhadores em todas as manifestações públicas, ressaltando a disposição de fazer a luta direta contra a situação vergonhosa que tem acontecido em Minas Gerais.",https://www.brasil247.com/pt/247/sudeste/389121/MST-convoca-ato-em-defesa-dos-Sem-Terra-atingidos-pelo-rompimento-de-barragens-Minas.htm,sudeste,"
MST convoca ato em defesa dos Sem Terra atingidos pelo rompimento de barragens Minas
"
12,"29 de Março de 2019 às 17:51
","O ex-deputado e ex-ministro da Defesa Aldo Rebelo avaliou em entrevista ao Valor nesta sexta-feira, 29, que os militares não estão dispostos a um novo golpe para assumir de vez o poder, em meio à inabilidade política do presidente Jair Bolsonaro; ""Não vejo condições para nenhum golpe. No máximo, uma tentativa de bolsonarismo sem Bolsonaro ou um bolsonarismo perfumado, de salão. Mas isso só é possível pelas vias constitucionais. Não vejo atalho nem disposição das Forças Armadas nem na maior parte da população em abraçá-lo"", disse Rebelo ",247 ,"
,247 -, O ex-deputado e ex-ministro da Defesa Aldo Rebelo avaliou em entrevista ao Valor nesta sexta-feira, 29, que os militares não estão dispostos a um novo golpe para assumir de vez o poder, em meio à inabilidade política do presidente Jair Bolsonaro. ,""Não vejo condições para nenhum golpe. No máximo, uma tentativa de bolsonarismo sem Bolsonaro ou um bolsonarismo perfumado, de salão. Mas isso só é possível pelas vias constitucionais. Não vejo atalho nem disposição das Forças Armadas nem na maior parte da população em abraçá-lo. O Brasil está condenado a enfrentar desafios pela via democrática"", disse Rebelo. ,O ex-deputado também defendeu a proposta de reforma da Previdência dos militares. ""As Forças Armadas gozam de dois sentimentos antagônicos, o do respeito e o da indiferença. Das Forças Armadas só são lembradas as virtudes, nunca seus padecimentos. Então um general chega ao fim da carreira ganhando menos que um procurador que acaba de entrar no Ministério Público. Isso é incompatível com a responsabilidade das duas instituições. Os militares reivindicam tratamento diferenciado porque se trata de uma corporação em que a morte não é acidente de trabalho, eles não têm insalubridade nem habeas corpus"", diz Aldo Rebelo. ,Leia a entrevista na íntegra,.",https://www.brasil247.com/pt/247/nordeste/388610/Aldo-Rebelo-%E2%80%9Cvivandeiras-j%C3%A1-pedem-um-bolsonarismo-sem-Bolsonaro%E2%80%9D.htm,nordeste,"
Aldo Rebelo: “vivandeiras já pedem um bolsonarismo sem Bolsonaro”
"
13,"4 de Abril de 2019 às 15:27
","O presidente Jair Bolsonaro parabenizou nesta quinta-feira, 4, a morte de 11 pessoas pela Polícia Militar de São Paulo, durante uma tentativa de assalto a dois bancos no município de Guararema, em São Paulo; ""Parabéns aos policiais da ROTA (PM-SP) pela rápida e eficiente ação contra 25 bandidos fortemente armados e equipados que tentaram assaltar dois bancos na cidade de Guararema e ainda fizeram uma família refém. 11 bandidos foram mortos e nenhum inocente saiu ferido. Bom trabalho!"", escreveu Bolsonaro pelo Twitter; o deputado Eduardo Bolsonaro e o governador João Doria também elogiaram a operação",247 ,"
,247 -, O presidente Jair Bolsonaro parabenizou nesta quinta-feira, 4, a morte de 11 pessoas pela Polícia Militar de São Paulo, durante uma tentativa de assalto a dois bancos no município de Guararema, em São Paulo.,""Parabéns aos policiais da ROTA (PM-SP) pela rápida e eficiente ação contra 25 bandidos fortemente armados e equipados que tentaram assaltar dois bancos na cidade de Guararema e ainda fizeram uma família refém. 11 bandidos foram mortos e nenhum inocente saiu ferido. Bom trabalho!"", escreveu Bolsonaro pelo Twitter.,Antes, o deputado federal Eduardo Bolsonaro também havia publicado um tweet agradecendo aos agentes por ""defenderem a sociedade e anteciparem a ida dos assaltantes para o inferno"".,O governador de São Paulo, João Doria, também elogiou a operação e disse que os Pms serão homenageados na próxima quarta-feira. ""Estão de parabéns os policiais que agiram e colocaram no cemitério mais dez bandidos"", disse.,De acordo a Polícia Civil de São Paulo, cerca de 25 criminosos se preparavam para explodir caixas eletrônicos quando foram surpreendidos pelos policiais e, na tentativa de fuga, dispararam contra as equipes. Houve perseguição e troca de tiros em diferentes pontos da cidade.,Durante a fuga, parte dos criminosos chegou a fazer reféns em uma residência, mas a PM conseguiu libertá-los.",https://www.brasil247.com/pt/247/sudeste/389208/Bolsonaro-parabeniza-PM-de-S%C3%A3o-Paulo-pela-morte-de-11-pessoas.htm,sudeste,"
Bolsonaro parabeniza PM de São Paulo pela morte de 11 pessoas
"
14,"4 de Abril de 2019 às 15:41
","O deputado federal Paulo Teixeira (PT-SP) criticou o governador de São Paulo, João Doria (PSDB), que pela iniciativa de comemorar a ação policial contra assaltantes de bancos - 11 pessoas morreram; ""Doria brinca com fogo! Estimula transgressões graves de policiais"", disse; tucano quer homenagens aos policiais",247,"
,247, - O deputado federal Paulo Teixeira (PT-SP) criticou o governador de São Paulo, João Doria (PSDB), que pela iniciativa de comemorar a ação policial contra assaltantes de bancos - 11 pessoas morreram.,""Doria brinca com fogo! Estimula transgressões graves de policiais"", escreveu o parlamentar no Twitter.,À GloboNews, o tucano afirmou: ""bandidos que usam escopetas, fuzis e metralhadoras não saem para passear. Eles saíram para assaltar e fazer vítimas. Estão de parabéns os policiais que agiram e colocaram no cemitério mais dez bandidos"".,""No próximo dia 10 vamos homenagear estes e outros policiais que defenderam o cidadão e o patrimônio público agindo contra bandidos"", disse.,Doria brinca com fogo! Estimula transgressões graves de policiais. ,Doria diz que policiais que agiram em Guararema 'estão de parabéns' por colocar bandidos 'no cemitério' | São Paulo | G1 ,https://t.co/fLlrxyf88L",https://www.brasil247.com/pt/247/sudeste/389211/Teixeira-Doria-brinca-com-fogo-e-estimula-transgress%C3%B5es-de-policiais.htm,sudeste,"
Teixeira: Doria brinca com fogo e estimula transgressões de policiais
"
15,"4 de Abril de 2019 às 20:12
","Em documento endereçado ao reitor da UFRJ, Roberto Leher, o PSL diz que o evento tem a finalidade de 'defenestrar a pessoa do presidente' Jair Bolsonaro; para Freixo, o partido adota uma postura antidemocrática; ""Fiquei assustado. Não estamos em ano eleitoral, portanto não há qualquer restrição ao convite feito a um cidadão para falar em uma universidade pública. A universidade é um lugar de ideias, de debate"", disse Freixo",247 ,"
,247 -, O diretório do PSL em Niterói, no Rio de Janeiro, encaminhou um ofício ao reitor da Universidade Federal do Rio de Janeiro (UFRJ), Roberto Leher, exigindo o cancelamento de um debate que ocorrerá nesta sexta-feira na instituição, com a participação do deputado federal Marcelo Freixo (PSOL).,O debate ""É tempo de resistir"" é organizado pelo coletivo estudantil ""RUA-Juventude Anticapitalista"" e está previsto para ocorrer na Faculdade Nacional de Direito.,""Diante do evento que se avizinha, a utilização dos equipamentos públicos para favorecer uma entidade privada, que é um partido político, contrário ao princípio constitucional da impessoalidade, e sobretudo com o escopo de defenestrar a pessoa do presidente da República, toma relevo de ilegalidade"", diz o ofício, assinado pelo deputado federal Carlos Jordy (PSL), amigo dos filhos de Jair Bolsonaro e presidente do diretório do PSL. ,Para Freixo, o partido adota uma postura antidemocrática e o tema deve ser caro a todos que defendem a liberdade de expressão nas universidades. ""Fiquei assustado. Não entendi a base de argumentação deles. Não estamos em ano eleitoral, portanto não há qualquer restrição ao convite feito a um cidadão para falar em uma universidade pública. A universidade é um lugar de ideias, de debate. Sou professor há décadas, convivo nas universidades dando palestras e participando de debates. E este partido político tenta me impedir em ir a uma universidade com a justificativa de que posso vir a falar mal do presidente"", disse o deputado ao jornal ,O Globo,.",https://www.brasil247.com/pt/247/sudeste/389245/PSL-%E2%80%9Cexige%E2%80%9D-cancelamento-de-debate-na-UFRJ-com-Marcelo-Freixo.htm,sudeste,"
PSL “exige” cancelamento de debate na UFRJ com Marcelo Freixo
"
16,"4 de Abril de 2019 às 11:20
","Família do presidente do Senado, Davi Alcolumbre (DEM-AP), acumula R$ 1 milhão em 13 multas ambientais aplicadas pelo Ibama nos últimos dez anos; as duas últimas autuações foram feitas em janeiro deste ano contra o empresário Salomão Alcolumbre Júnior, primo do senador, e somam R$ 555 mil; Ibama vem sendo alvo de críticas constantes por parte do presidente Jair Bolsonaro, que já foi multado pelo órgão de fiscalização e que ele considera como uma ""indústria de multas"" que deve ser extinta",247 ,"
,247 - ,A família do presidente do Senado, Davi Alcolumbre (DEM-AP), acumula R$ 1 milhão em 13 multas ambientais aplicadas pelo Ibama nos últimos dez anos. As duas últimas autuações foram feitas em janeiro deste ano contra o empresário Salomão Alcolumbre Júnior, primo do senador, e somam R$ 555 mil. Salomão, que foi suplente do senador Gilvam Borges (MDB-AP) até 2014, foi autuado por impedir a regeneração de uma área de 108 hectares no Amapá, descumprindo um acordo firmado anteriormente com o Ibama.,De acordo com reportagem do jornal ,O Estado de S. Paulo,, das 13 multas aplicadas pelo órgão de fiscalização, oito estão ligadas a uma empresa da família, a Salomão Alcolumbre & Cia Ltda, e outras três estão em nome do empresário Salomão Alcolumbre Júnior, primo do presidente do Senado. Outras duas multas estão em nome de Pierre Alcolumbre, tio de Davi. O valor total das autuações soma R$ 994,5 mil.,Indagado sobre o assunto, Davi Alcolumbre respondeu que não é alvo de nenhuma autuação e que ""tem mais de 50 primos no Amapá"", não podendo responder por eles. Ainda segundo a sua assessoria, o parlamentar afirmou que ""acha positiva a fiscalização feita pelo Ibama e que o órgão deve punir qualquer um que infringir a lei"".,O Ibama vem sendo alvo de críticas constantes por parte do presidente Jair Bolsonaro, que considera o órgão de fiscalização ambiental uma ""indústria de multas"" que deve ser extinta. Bolsonaro já foi multado em R$ 10 mil pelo Ibama por pesca em uma área de proteção ambiental e o servidor responsável pela autuação foi exonerado e a multa extinta (leia no ,Brasil 247,). , ",https://www.brasil247.com/pt/247/brasil/389180/Fam%C3%ADlia-de-presidente-do-Senado-deve-R$-1-mi-em-multas-ao-Ibama.htm,brasil,"
Família de presidente do Senado deve R$ 1 mi em multas ao Ibama
"
17,"4 de Abril de 2019 às 13:06
","Declaração do ministro da Educação, Ricardo Vélez Rodriguez, sobre 1964 irritou militares; segundo eles, houve uma mobilização de parcela expressiva da população contra o que chamam de risco de tomada comunista do poder; O titular da pasta havia dito: ""foi a votação no Congresso, uma instância constitucional, quando há a ausência do presidente""",247,"
,247, - O ministro da Educação, Ricardo Vélez Rodriguez, enfrenta cada mais dificuldades de se manter no cargo e a defesa de mudança no conteúdo dos livros didáticos com o objetivo de passar a interpretação de que não houve golpe em 1964.,De acordo com ,reportagem de Igor Gielow,, publicada no jornal Folha de S.Paulo, ""integrantes da ativa e do núcleo militar do governo Jair Bolsonaro que a afirmação feita na quarta (3) pelo ministro Ricardo Vélez sobre a narrativa histórica do golpe é apenas uma tentativa dele para manter-se no cargo. Eles farão chegar ao presidente Jair Bolsonaro que a paciência com o ministro acabou"".,""Isso porque os fardados, em sua maioria, compartilham a ideia de que o golpe militar que completou 55 anos no domingo passado (31 de março) foi um movimento decorrente de uma mobilização de parcela expressiva da população contra o que chamam de risco de tomada comunista do poder. A derrubada do governo de João Goulart e os subsequentes 21 anos de ditadura teriam de ser inseridos nessa visão, segundo essa interpretação"", destaca a matéria.,Em entrevista ao jornal ,Valor Econômico,, Vélez negou o golpe de 1964. ""A história brasileira mostra que o 31 de março de 1964 foi uma decisão soberana da sociedade brasileira. Quem colocou o presidente Castelo Branco no poder não foram os quartéis"", disse. ""Foi a votação no Congresso, uma instância constitucional, quando há a ausência do presidente. Era a Constituição da época e foi seguida à risca. Houve uma mudança de tipo institucional, não foi um golpe contra a Constituição da época, não"", completou.,O titular da pasta já está desgastado com as indicações que fez para cargos no ministérios. São mais de 10 demissões de funcionários da pasta.,Uma polêmica recentes envolveu o presidente do Instituto Nacional de Estudos e Pesquisas Educacionais Anísio Teixeira (Inep), Marcus Vinicius Rodrigues, que foi exonerado, após a publicação de uma portaria que adiava para 2021 a avaliação da alfabetização de crianças, o que foi revogado. O ex-dirigente afirmou que assinou a portaria com respaldo do secretário de Alfabetização do MEC, Carlos Nadalim.,Em ,entrevista, concedida ao jornal O Globo, Rodrigues afirmou que o ministro ""gerencialmente incompetente"" e ""não tem controle emocional"" para comandar a educação brasileira.,Outra polêmica foi a permissão para a compra de livros com propagandas ou até mesmo erros de português. O edital foi anulado.,Em fevereiro, Veléz também afirmou à Revista Veja que o brasileiro é um ""canibal"". ""Rouba coisas de hotéis, rouba o assento do salva-vidas do avião. Ele acha que sai de casa e pode carregar tudo"", afirmou.,No final daquele mês, o ministro assinou uma carta para ser enviada a diretores de escolas pedindo a filmagem de crianças cantando o hino nacional e que proferirem o slogan da campanha de Bolsonaro - ""Brasil acima de tudo. Deus acima de todos"".",https://www.brasil247.com/pt/247/brasil/389192/Defesa-de-64-irrita-militares-que-pedem-sa%C3%ADda-de-V%C3%A9lez-do-MEC.htm,brasil,"
Defesa de 64 irrita militares, que pedem saída de Vélez do MEC
"
18,"28 de Março de 2019 às 09:15
","No último dia 17, durante clássico contra o Santa Cruz pelo Campeonato Pernambucano, um grupo de torcedores do Náutico estendeu uma faixa nos Aflitos que dizia ""Quem mandou matar Marielle?"", em referência à morte da vereadora carioca Marielle Franco, que completou um ano no dia 14 deste mês; o item foi retirado pelo Batalhão de Choque da Polícia Militar; esse tipo de ação por parte da polícia conta com o aval da Federação Pernambucana de Futebol",247 ,"
,247 -, No último dia 17, durante clássico contra o Santa Cruz pelo Campeonato Pernambucano, um grupo de torcedores do Náutico estendeu uma faixa nos Aflitos que dizia ""Quem mandou matar Marielle?"", em referência à morte da vereadora carioca Marielle Franco, que completou um ano no dia 14 deste mês. A ,informação, é do jornal Folha de S.Paulo. ,A partida foi transmitida pela TV Globo para o estado e a imagem da faixa, estendida por membros da torcida Brigada Popular Alvirrubra e, exibida durante todo o jogo, viralizou nas redes sociais.,Menos de duas semanas depois foi a vez da Ilha do Retiro se tornar palco de manifestação política de torcedores.,Na vitória por 4 a 0 sobre o Petrolina, no último domingo (24), pelo Estadual, integrantes da Torcida Antifascista do clube rubro-negro estenderam uma faixa em protesto à reforma da Previdência.,""Torcedor/a é trabalhador/a e também quer se aposentar"", dizia a faixa.,Ao contrário do que ocorreu nos Aflitos, porém, o item foi retirado pelo Batalhão de Choque da Polícia Militar. Esse tipo de ação por parte da polícia conta com o aval da Federação Pernambucana de Futebol e dos próprios clubes, inclusive o Náutico, cuja torcida não teve a faixa recolhida.,""Antes e depois dos jogos, fazemos uma reunião com o Batalhão. Depois do jogo [com o Santa Cruz], falamos sobre a faixa e eles (Polícia Militar) fizeram um mea-culpa, reconhecendo que deixaram passar [a faixa] na revista. Tanto é que no jogo do Sport retiraram"", diz Edno Melo, presidente do Náutico, à Folha.,""Não vejo com bons olhos [essas manifestações], não acho que devam misturar futebol com política. Foi aumentada a fiscalização. [Acredito que] isso não deverá mais se repetir"", completa Melo.,Evandro Carvalho, presidente da federação, afirma que a entidade não proíbe as manifestações, mas assim como Edno Melo defende a neutralidade do espaço dos estádios de futebol.,""Acho que está bem consolidado o entendimento de que manifestações políticas, dentro de um ambiente esportivo, no momento político em que vivemos, se elas são de natureza contrária ou de protesto acho eu que a diretriz do estádio e da segurança é de que devam ser retiradas. Presumo que estádio de futebol não seja o lugar para esse tipo de manifestação"", diz Carvalho.",https://www.brasil247.com/pt/247/nordeste/388400/Torcida-do-N%C3%A1utico-leva-faixas-com-mensagens-pol%C3%ADticas-aos-est%C3%A1dios-mas-pol%C3%ADcia-barra.htm,nordeste,"
Torcida do Náutico leva faixas com mensagens políticas aos estádios, mas polícia barra
"
19,"4 de Abril de 2019 às 17:12
","Ministros do Supremo Tribunal Federal (STF) comentaram a decisão do ministro Dias Toffoli, presidente da Corte, de adiar o julgamento sobre a prisão após condenação em segunda instância, que estava marcado para o próximo dia 10; poucos antes de iniciar a sessão desta quinta (4), quatro dos 11 ministros foram indagados a falar sobre as especulações de que o adiamento foi por conta do processo do ex-presidente Lula",247 ,"
,247 -, Quatro ministros do Supremo Tribunal Federal (STF) comentaram a decisão do ministro Dias Toffoli, presidente da Corte, de adiar o julgamento sobre a prisão após condenação em segunda instância, quatro ministros. ,Marcado para a próxima quarta-feira (10), o julgamento foi adiado atendendo um pedido Ordem dos Advogados do Brasil (OAB), autora de uma ação que aponta a inconstitucionalidade da reinterpretação dada pelo Supremo sobre a questão. A OAB argumenta que a diretoria recém eleita precisa de mais alguns dias para analisar a estratégia que vai adotar no julgamento.,Toffoli acatou o pedido e anuncia o adiamento, sem definir uma nova data.Estimasse que ele vai divulgar a pauta de julgamentos do segundo semestre em junho, mas, em razão de temas que foram adiados no primeiro semestre e de outros assuntos liberados pelos relatores que deverão ser marcados, é possível que o tema só volte à pauta de julgamentos a partir do ano que vem.,De acordo com reportagem do G1, pouco antes de entrar para a sessão desta quinta (4), o ministro Marco Aurélio Mello, relator das ações, reafirmou que não concorda com o adiamento. ,""Estou habilitado a relatar e votar desde 2017"", disse Marco Aurélio. Questionado se o adiamento se deu em razão da situação do ex-presidente Lula, ele disse: ""Processo pra mim não tem capa, tem conteúdo"".,Ricardo Lewandowski reforçou a sua posição contra a prisão em segunda instância. ""Eu tenho julgado de acordo com Constituição e vou continuar julgando de acordo com a letra da Constituição, enquanto não houver uma decisão sobre essa questão definitiva"", enfatizou o ministro. Em suas decisões, Lewandowski segue o que está expressamente definido pelo artigo 5º , inciso LVII: ""ninguém será considerado culpado até o trânsito em julgado de sentença penal condenatória"".,Já o ministro Luiz Edson Fachin disse que não vê problema no adiamento. ""Quando julguei HC do ex-presidente LUla, havia indicado que as ADCs (ações que foram adiadas) deveriam ser julgadas. Nada Obstante, a matéria foi tema de repercussão geral e em repercussão geral o tribunal firmou esse entendimento. De modo que, até os feitos das ADCs serem apreciados, a compreensão majoritária do Supremo é essa (de que pode prender em segunda instância)"", declarou.,Gilmar Mendes disse que Toffoli apenas atendeu a um pedido da OAB e tentou minimizar as especulações sobre uma preocupação com o processo do ex-presidente Lula.,""Teve pedido da OAB e o presidente avaliou que era razoável as razões e por isso assim decidiu... Não vi isso, nem vi essa preocupação, me parece que se colocou essa questão, OAB fez ponderação, ela é autora da ação. Portanto, com legitimidade, houve troca de comando na instituição. E tivemos outros adiamentos, a pauta de ontem já foi adiada, a de hoje sofrerá efeito, é nossa vida"", argumentou., , ",https://www.brasil247.com/pt/247/brasil/389225/Ministros-do-Supremo-minimizam-rumores-sobre-adiamento-da-pris%C3%A3o-ap%C3%B3s-segunda-inst%C3%A2ncia.htm,brasil,"
Ministros do Supremo minimizam rumores sobre adiamento da prisão após segunda instância
"
20,"3 de Abril de 2019 às 15:49
","Quem disse foi o líder do PT no Senado, Humberto Costa (PE); ""A imagem do Brasil no exterior nunca esteve em um nível tão baixo. Bolsonaro envergonha o nosso país. Esse é o principal dano dessa política externa extremamente ideologizada"", afirmou ",247,"
,247, - O líder do PT no Senado, Humberto Costa (PE), bateu pesado na política externa do governo Jair Bolsonaro.,""O arcaico comprometimento público do governo Bolsonaro com ditaduras agrava o quadro ideológico da política externa do Brasil. Aqui e lá fora. Aqui, difunde-se oficialmente um vídeo favorável ao golpe de 64. Lá fora, Bolsonaro faz elogios constrangedores a Pinochet e Stroessner"", disse o parlamentar no ,Twitter,. ""A imagem do Brasil no exterior nunca esteve em um nível tão baixo. Bolsonaro envergonha o nosso país. Esse é o principal dano dessa política externa extremamente ideologizada"".,Segundo o congressista, a política externa do atual governo ""colide frontalmente com a tradição diplomática brasileira e com os interesses objetivos do Brasil e de seus setores produtivos"". ""Com Bolsonaro, voltamos a uma anacrônica Guerra Fria e uma total submissão aos EUA em nome de um feroz anticomunismo. É uma inteira perda de soberania"", afirmou.,Ao comparar com os governos Lula e Dilma, o líder do PT afirmou que essa duas gestão seguiram ""pragmatismo comercial e geopolítico"". ""Não foi guiada por viés ideológico. Entre 2003 a 2013, as exportações brasileiras aos países em desenvolvimento cresceram fantásticos 514%, enquanto aos tradicionais parceiros desenvolvidos, 166%"", disse.,""Em amplo contraste, Bolsonaro vem implantando uma política externa hiperideologizada, baseada fundamentalmente nos delírios metafísicos do astrólogo de Richmond, Olavo de Carvalho, e nas fantasias medievais do chanceler pré-iluminista, Ernesto Araújo"", acrescentou.,De acordo com o senador, ""as ameaças ao Mercosul e à integração regional são outra ignorância motivada por mera ideologia. O Mercosul e a integração regional asseguram ao Brasil um grande mercado cativo, particularmente para nossos produtos manufaturados, que não são competitivos em outros mercados"".,""Temos hoje um alinhamento acrítico ao 'trumpismo'. Nosso chanceler rejeita até o iluminismo. Tem saudade de um mundo irracional e pré-científico. O governo medieval anunciou medidas que afetam cerca de 70% da pauta exportadora do país e nos aliena da comunidade internacional"".",https://www.brasil247.com/pt/247/nordeste/389099/%E2%80%98Bolsonaro-envergonha-o-Pa%C3%ADs-com-sua-pol%C3%ADtica-externa-ideologizada%E2%80%99.htm,nordeste,"
‘Bolsonaro envergonha o País com sua política externa ideologizada’
"
21,"31 de Março de 2019 às 16:05
","O deputado Paulo Pimenta, líder do PT na Câmara, criticou a decisão anunciada neste sábado, 31, pelo presidente Jair Bolsonaro de abrir um escritório de negócios em Jerusalém, ao invés de transferir a embaixada brasileira que fica em Tel Aviv; ""Bolsonaro é um bufão que põe em risco dois séculos da nossa tradição diplomática de promover paz e respeito entre os povos. Prometeu abrir embaixada em Jerusalém e recuou. Vai desagradar Israel com a quebra da promessa e segue desagradando povos árabes com a provocação gratuita"", disse Pimenta pelo Twitter",247 ,"
,247 -, O deputado Paulo Pimenta, líder do PT na Câmara, criticou a decisão anunciada neste sábado, 31, pelo presidente Jair Bolsonaro de abrir um escritório de negócios em Jerusalém, ao invés de transferir a embaixada brasileira que fica em Tel Aviv. ,""Bolsonaro é um bufão que põe em risco dois séculos da nossa tradição diplomática de promover paz e respeito entre os povos. Prometeu abrir embaixada em Jerusalém e recuou. Vai desagradar Israel com a quebra da promessa e segue desagradando povos árabes com a provocação gratuita"", disse Pimenta pelo Twitter. ,Leia também reportagem da agência Reuters sobre o assunto: ,Brasil decide abrir escritório em Jerusalém, não fala em mudança de embaixada,BRASÍLIA/JERUSALÉM (Reuters) -, O presidente Jair Bolsonaro anunciou neste domingo, durante visita a Israel, a abertura de um escritório em Jerusalém para promoção do comércio, tecnologia e inovação, mas não mencionou a possibilidade de mudança de endereço da embaixada brasileira.,Segundo uma fonte com conhecimento direto do assunto, a delegação brasileira chegou a estudar a classificação da abertura do escritório ""como parte de sua embaixada em Israel"", mas a fala oficial de Bolsonaro não fez essa menção.,""Agora há pouco tomamos a decisão final, ouvindo inclusive o nosso general Augusto Heleno, ministro de Estado (do Gabinete de Segurança Institucional), em criar aqui, abrir em Jerusalém o escritório de negócios voltado para ciência, tecnologia e inovação"", disse Bolsonaro em declaração conjunta ao lado do primeiro-ministro de Israel, Benjamin Netanyahu.,Já o premiê israelense afirmou esperar que a medida seja um primeiro passo para a mudança da embaixada brasileira para Jerusalém.,Filho do presidente, o deputado federal Eduardo Bolsonaro (PSL-SP) escreveu no Twitter que esta era a intenção do governo.,""É o 1º passo para a mudança definitiva da embaixada. Vale lembrar que os EUA aprovaram nos anos 90 durante presidência de Bill Clinton essa mudança de embaixada, mas só após nove meses de governo Trump ela foi concluída. Estamos nos rumo certo"", disse.,Hoje, a embaixada brasileira está em Tel Aviv, onde estão as representações diplomáticas em Israel de praticamente todos os países.,Tanto Bolsonaro quanto Netanyahu destacaram a assinatura de acordos em suas falas, relacionados a áreas como piscicultura, tecnologia, segurança e agricultura. Bolsonaro também agradeceu a ajuda enviada por Israel para o resgate de vítimas em Brumadinho (MG), onde o rompimento de uma barragem de rejeitos da Vale deixou mais de 200 mortos no fim de janeiro.,Na última quinta-feira, Bolsonaro já havia dito que o governo brasileiro poderia abrir um escritório de negócios em Jerusalém, em vez de transferir a embaixada em Israel para a cidade, como chegou a anunciar mais de uma vez.,O aparente recuo em relação à mudança da embaixada de Tel Aviv para Jerusalém —um assunto sensível na região e que desagrada os países árabes, grandes importadores de carne de aves do Brasil— vem com a resistência dos militares do governo e da equipe econômica, que teme as consequências para as exportações brasileiras.,Quando ainda no Brasil, Bolsonaro não descartou totalmente a transferência da embaixada ao lembrar que o presidente dos Estados Unidos, Donald Trump, levou nove meses para tomar a decisão final de mudar a embaixada norte-americana de Tel Aviv para Jerusalém.",https://www.brasil247.com/pt/247/poder/388764/Pimenta-com-escrit%C3%B3rio-em-Jerusal%C3%A9m-Bolsonaro-desagrada-Israel-e-povos-%C3%A1rabes.htm,poder,"
Pimenta: com escritório em Jerusalém, Bolsonaro desagrada Israel e povos árabes
"
22,"4 de Abril de 2019 às 16:06
","""Em Israel, visitando o museu do holocausto dos 6 milhões de judeus mortos pela extrema-direita nazista, Bolsonaro saiu de lá achando que o nazismo é coisa da esquerda. Deu prova de sua paranoia. O paranoico tem uma ideia tão fixa que nem a realidade concreta a demove. Vive sua ilusão"", afirmou o teólogo Leonardo Boff",247,"
,247, - O teólogo e escritor Leonardo Boff repudiou a declaração do presidente Jair Bolsonaro de que o nazismo foi um movimento de esquerda.,""Em Israel, visitando o museu do holocausto dos 6 milhões de judeus mortos pela extrema-direita nazista, Bolsonaro saiu de lá achando que o nazismo é coisa da esquerda. Deu prova de sua paranoia. O paranoico tem uma ideia tão fixa que nem a realidade concreta a demove. Vive sua ilusão"", afirmou o estudioso no Twitter.,Ao justificar sua posição, Bolsonaro disse: ""sem dúvidas. É o Partido Nacional Socialista da Alemanha"" - declaração concedida após sua visita ao museu do Holocausto, o Yad Vashem, em Israel.,Em Israel,visitando o museu do holocausto dos 6 milhões de judeus mortos pela extrema-direita nazista,Bolsonaro saiu de lá achando que o nazismo é coisa da esquerda.Deu prova de sua paranoia.O paranoico tem uma ideia tão fixa que nem a realidade concreta a demove.Vive sua ilusão.",https://www.brasil247.com/pt/247/brasil/389216/Boff-Bolsonaro-provou-sua-paranoia-ao-dizer-que-nazismo-foi-de-esquerda.htm,brasil,"
Boff: Bolsonaro provou sua paranoia ao dizer que nazismo foi de esquerda
"
23,"3 de Abril de 2019 às 16:31
","O Wikileaks publicou nesta quarta-feira (3) imagens do que afirma ser uma gravação de militares britânicos treinando tiro ao alvo na imagem do líder oposicionista Jeremy Corbyn; segundo a Sky News, o Ministério da Defesa lançou uma investigação sobre o episódio e confirmou que o registro é real",Sputnik Brasil,"
,Sputnik Brasil, -, O Wikileaks publicou nesta quarta-feira (3) imagens do que afirma ser uma gravação de militares britânicos treinando tiro ao alvo na imagem do líder oposicionista Jeremy Corbyn.,Leaked video emerges of UK troops using image of main opposition leader ,@JeremyCorbyn, for target practice. ,pic.twitter.com/EgjmrX6GQv,Segundo a Sky News, o Ministério da Defesa lançou uma investigação sobre o episódio e confirmou que o registro é real. Um porta-voz das Forças Armadas disse que o comportamento dos soldados ""totalmente inaceitável"".,Os militares no vídeo são do 3° batalhão, do regimento de paraquedistas, e o registro foi feito em Cabul, no Afeganistão.,Corbyn é o líder do Partido Trabalhista e principal voz da aposição britânica. Defensor das ideias da esquerda, ele está no Parlamento britânico desde 1983.",https://www.brasil247.com/pt/247/mundo/389108/Wikileaks-publica-v%C3%ADdeo-de-soldados-brit%C3%A2nicos-treinando-tiro-ao-alvo-com-imagem-de-Corbyn.htm,mundo,"
Wikileaks publica vídeo de soldados britânicos treinando tiro ao alvo com imagem de Corbyn
"
sub_title,url,_id,text,title,date,author,section
"Durante sua participação na CCJ da Câmara para falar sobre a proposta de reforma da Previdência, o ministro da Economia, Paulo Guedes, elogiou o combate à desigualdade social implantada pelo ex-presidente Lula; ""O Lula chegou e pegou R$ 10 bilhões só, e atingiu 40 milhões de famílias favoravelmente com o Bolsa Família. Isso é um impacto extraordinário. Mereceu ganhar uma eleição, duas eleições. Soube trabalhar. Com pouco dinheiro melhorou a vida de muitos de brasileiros"", disse Guedes",https://www.brasil247.com/pt/247/brasilia/389125/Guedes-diz-que-Lula-mereceu-duas-elei%C3%A7%C3%B5es-e-elogia-Bolsa-Fam%C3%ADlia.htm,0,,Guedes diz que Lula mereceu duas eleições e elogia Bolsa Família,"3 de Abril de 2019 às 19:47
",247 ,brasilia
"O deputado Marco Feliciano (PSC-SP) acusou o vice-presidente Hamilton Mourão de ser ""desleal"" e criticou o fato do vice ter corrigido a declaração desastrosa do presidente Jair Bolsonaro, de que o nazismo ""é de direita""; para Marco Feliciano, Mourão incorre em crime de responsabilidade e indicou que ele pode ser alvo de processo de impeachment; ""Sua conduta é desleal/indigna/desonrosa e indecorosa! Vice também sofre impeachment: é crime de responsabilidade proceder de modo incompatível com a dignidade, a honra e o decoro do cargo"", disse Feliciano",https://www.brasil247.com/pt/247/brasilia/389118/Marco-Feliciano-acusa-Mour%C3%A3o-de-ser-desleal-'vice-tamb%C3%A9m-sofre-impeachment'.htm,1,,Marco Feliciano acusa Mourão de ser desleal: 'vice também sofre impeachment',"3 de Abril de 2019 às 18:36
",247 ,brasilia
"A audiência sobre a reforma da Previdência na CCJ da Câmara foi encerrada nesta quarta-feira, 3, depois que o deputado Zeca Dirceu (PT-PR)  afirmou que o ministro Paulo Guedes age como ""tigrão"" em relação a aposentados, idosos e pessoas com deficiência, mas como ""tchutchuca"" em relação à ""turma mais privilegiada do nosso país""; fora do microfone, Paulo Guedes se dirigiu a Zeca Dirceu e respondeu: ""Você não falte com o respeito comigo. Tchutchuca é a mãe, tchutchuca é a vó""; fiasco de Guedes na Câmara fez a bolsa cair e o dólar subir ",https://www.brasil247.com/pt/247/brasilia/389133/Guedes-d%C3%A1-vexame-e-foge-da-C%C3%A2mara-tchutchuca-%C3%A9-a-m%C3%A3e.htm,2,,Guedes dá vexame e foge da Câmara: tchutchuca é a mãe,"3 de Abril de 2019 às 21:15
",247 ,brasilia
"O governo federal detectou a formação de uma nova frente de retaliação ao Planalto no Congresso Nacional, a Comissão Mista da Medida Provisório 870, cujos parlamentares mais descontentes defendem a retirada do Coaf do Ministério da Justiça de Sérgio Moro, e reagiu emplacando seu líder no Senado, o emedebista Fernando Bezerra Coelho (PE), como relator da Comissão nesta quinta-feira (4)",https://www.brasil247.com/pt/247/brasilia/389237/Governo-emplaca-relator-em-Comiss%C3%A3o-que-pode-retirar-Coaf-de-Moro.htm,3,,Governo emplaca relator em Comissão que pode retirar Coaf de Moro,"4 de Abril de 2019 às 18:55
",247 ,brasilia
"""Ataque de Bolsonaro ao IBGE é típico de canalhas que desmentem números e indicadores para legitimar sua visão fake e distorcida do mundo. Querer negar desemprego galopante é um escárnio com o povo brasileiro!"", afirmou a deputada do PT-DF",https://www.brasil247.com/pt/247/brasilia/389071/Erika-cr%C3%ADtica-de-Bolsonaro-ao-IBGE-%C3%A9-t%C3%ADpica-de-canalhas.htm,4,,Erika: crítica de Bolsonaro ao IBGE é típica de canalhas,"3 de Abril de 2019 às 11:47
",247,brasilia
"Família do presidente do Senado, Davi Alcolumbre (DEM-AP), acumula R$ 1 milhão em 13 multas ambientais aplicadas pelo Ibama nos últimos dez anos; as duas últimas autuações foram feitas em janeiro deste ano contra o empresário Salomão Alcolumbre Júnior, primo do senador, e somam R$ 555 mil; Ibama vem sendo alvo de críticas constantes por parte do presidente Jair Bolsonaro, que já foi multado pelo órgão de fiscalização e que ele considera como uma ""indústria de multas"" que deve ser extinta",https://www.brasil247.com/pt/247/brasil/389180/Fam%C3%ADlia-de-presidente-do-Senado-deve-R$-1-mi-em-multas-ao-Ibama.htm,5,,Família de presidente do Senado deve R$ 1 mi em multas ao Ibama,"4 de Abril de 2019 às 11:20
",247 ,brasil
"O MST realiza ato nesta sexta-feira (5), em Belo Horizonte, em defesa dos trabalhadores rurais atingidos pela mineração predatória que levou o rompimento das barragens em Brumadinho e Mariana; no ato, será feita a entrega de um laudo técnico ao Ministério Público comprovando os danos causados aos trabalhadores nas áreas da região metropolitana de Belo Horizonte",https://www.brasil247.com/pt/247/sudeste/389121/MST-convoca-ato-em-defesa-dos-Sem-Terra-atingidos-pelo-rompimento-de-barragens-Minas.htm,6,,MST convoca ato em defesa dos Sem Terra atingidos pelo rompimento de barragens Minas,"3 de Abril de 2019 às 18:53
",247 ,sudeste
"O deputado federal Paulo Pimenta (PT-RS) rechaçou a proposta de Jair Bolsonaro de querer comemorar ruidosamente o aniversário do golpe militar de 31 de março de 1964; ""Alguém consegue imaginar a Alemanha celebrando a era Hitler ou a França comemorando a ocupação nazista?"", comparou Pimenta ",https://www.brasil247.com/pt/247/sul/388154/Pimenta-algu%C3%A9m-consegue-imaginar-a-Alemanha-celebrando-a-era-Hitler.htm,7,,Pimenta: alguém consegue imaginar a Alemanha celebrando a era Hitler?,"26 de Março de 2019 às 11:48
",247 ,sul
"A deputada Maria do Rosário (PT-RS) criticou o presidente Jair Bolsonaro por causa do aumento de 11,6% para 12,4% da taxa de desemprego na comparação entre o trimestre encerrado em fevereiro com os três meses anteriores, de acordo com Pnad Contínua do IBGE; ""Só fala em armas, Venezuela e retirar a aposentadoria. Qnd vão abandonar a pauta ideológica e iniciar as medidas para geração de emprego?"", questionou ",https://www.brasil247.com/pt/247/sul/388572/%E2%80%98Bolsonaro-s%C3%B3-fala-de-arma-e-Previd%C3%AAncia-Cad%C3%AA-o-combate-do-desemprego%E2%80%99.htm,8,,‘Bolsonaro só fala de arma e Previdência. Cadê o combate do desemprego?’,"29 de Março de 2019 às 13:00
",247,sul
"Um grupo de caminhoneiros fez uma carreata na Linha Verde, em Curitiba, em resposta ao pronunciamento do presidente Jair Bolsonaro (PSL) feito que falou falou diretamente aos caminhoneiros sobre a nova política de preços do diesel da Petrobras - os reajustes no preço do produto serão feitos com um prazo mínimo de 15 dias",https://www.brasil247.com/pt/247/sul/388690/Caminhoneiros-fazem-carreta-em-Curitiba-contra-Bolsonaro.htm,9,,Caminhoneiros fazem carreta em Curitiba contra Bolsonaro,"30 de Março de 2019 às 14:40
",247,sul
"""O MDB, pelas bases populares, deve voltar a ser o partido dos trabalhadores, das minorias oprimidas, do capital produtivo, contra o capital vadio e financeiro, ou vai acabar! Como o PFL e outros que se desviaram das origens nacionais e populares"", afirmou o ex-senador Roberto Requião (MDB-PR)",https://www.brasil247.com/pt/247/sul/389073/Requi%C3%A3o-MDB-precisa-defender-minorias-oprimidas-ou-vai-acabar.htm,10,,Requião: MDB precisa defender minorias oprimidas ou vai acabar,"3 de Abril de 2019 às 12:19
",247,sul
"O líder do PT na Câmara dos Deputados, Paulo Pimenta (RS), criticou o governo do presidente Jair Bolsonarou, após um cartaz estampado em Israel pedindo que o chefe do Planalto não destrua a Amazônia brasileira; ""Bolsonaro passa vergonha em qualquer lugar que passe. Agora é em Israel, com uma ação do @Greenpeace de denúncia da destruição da Amazônia""",https://www.brasil247.com/pt/247/sul/388833/Pimenta-Bolsonaro-passa-vergonha-em-qualquer-lugar-que-passe.htm,11,,Pimenta: Bolsonaro passa vergonha em qualquer lugar que passe,"1 de Abril de 2019 às 12:05
",247,sul
"O ex-presidente Luiz Inácio Lula da Silva recebe nesta quinta-feira (4) a visita do jurista Afrânio Silva Jardim, professor de Direito Penal da Universidade Estadual do Rio;Afrânio representará um grupo de promotores e procuradores de Justiça que estarão na Vigília Lula Livre em manifestação de solidariedade ao ex-presidente",https://www.brasil247.com/pt/247/sul/389182/Lula-recebe-visita-do-jurista-Afr%C3%A2nio-Silva-Jardim.htm,12,,Lula recebe visita do jurista Afrânio Silva Jardim,"4 de Abril de 2019 às 11:19
",247,sul
"A deputada Maria do Rosário (PT-RS) criticou a iniciativa do governo Jair Bolsonaro de enviar um comunicado à ONU dizendo que não houve um golpe em 1964; ""Um governante pode mudar para pior ou melhor o futuro, mas ñ tem poder de revogar o passado. A ditadura ñ é relativa, é verdade histórica q produziu tragédias, entre os quais esse ignorante que ocupa o palácio do planalto. Ñ reconheço suas palavras como sendo em nome do Brasil"", afirmou",https://www.brasil247.com/pt/247/sul/389214/Maria-do-Ros%C3%A1rio-um-governante-n%C3%A3o-tem-poder-de-revogar-o-passado.htm,13,,Maria do Rosário: um governante não tem poder de revogar o passado,"4 de Abril de 2019 às 15:56
",247 ,sul
"A Brigada Militar e a Polícia Civil do Rio Grande do Sul reforçaram o policiamento nas escolas da rede Marista após ameaças de um possível atentado contra uma das unidades de ensino localizada em Porto Alegre; apesar das aulas transcorrerem normalmente, a rede Marista suspendeu a realização de provas e testes; muitos alunos não compareceram às aulas; apesar de determinar o reforço policial, a chefe da Polícia Civil do Rio Grande do Sul, delegada Nadine Anflor, disse achar que a ameaça ""parece notícia falsa, criada para gerar pânico""",https://www.brasil247.com/pt/247/sul/388423/Ap%C3%B3s-amea%C3%A7a-de-ataque-escolas-de-Porto-Alegre-amanhecem-com-refor%C3%A7o-policial.htm,14,,"Após ameaça de ataque, escolas de Porto Alegre amanhecem com reforço policial","28 de Março de 2019 às 10:51
",247 ,sul
